Company,Post #,Date (UTC),Title (first line of post),Reactions,Comments,Reposts,Total engagement,Post type,Posted by,Post URL,Company page
Tabellae,1,2026-10-01 12:27,Tabellae skifter navn til Lasernet. 🎉,23,2,2,27,Video,Tabellae DK - ERP Document Output Management Specialists,https://www.linkedin.com/feed/update/urn:li:activity:7511401383947071489/,https://www.linkedin.com/company/tabellae/posts/
Tabellae,2,2026-09-21 12:12,Attending Nordic Summit at Legoland? 🧩,99,9,7,115,Multi-image (5),Tabellae DK - ERP Document Output Management Specialists,https://www.linkedin.com/feed/update/urn:li:activity:7507773707306659841/,https://www.linkedin.com/company/tabellae/posts/
Tabellae,3,2026-09-16 10:40,"🎉 Endnu et 10-års jubilæum hos Tabellae – Tillykke, Sanna Lundh! 🎉",73,9,1,83,Multi-image (3),Tabellae DK - ERP Document Output Management Specialists,https://www.linkedin.com/feed/update/urn:li:activity:7505938705875025920/,https://www.linkedin.com/company/tabellae/posts/
Tabellae,4,2026-09-11 13:04,"I dag kan the Lasernet Wizard Nicky Vlad-Christensen fejre 10-års jubilæum hos Tabellae 🎉 Men for 13 år siden startede han faktisk med Lasernet som blot en sideopgave, mens han var ansat hos en kunde - og han reagerede nogenlunde sådan her:",93,4,1,98,Multi-image (4),Tabellae DK - ERP Document Output Management Specialists,https://www.linkedin.com/feed/update/urn:li:activity:7504162954246934528/,https://www.linkedin.com/company/tabellae/posts/
Tabellae,5,2026-09-08 08:49,Emballageleverandører på D365 F&O får snart et konkret ZUGFeRD-behov: ROVEMA vælger Tabellae,26,0,4,30,Multi-image (3),Tabellae DK - ERP Document Output Management Specialists,https://www.linkedin.com/feed/update/urn:li:activity:7503011643581186048/,https://www.linkedin.com/company/tabellae/posts/
Tabellae,6,2026-09-01 07:26,"Mød det nye, større salgsteam 👋 I august mødtes salgsteamene fra Tabellae og Lasernet i Danmark til vores første workshop, siden vi slog os sammen 🤝",109,2,4,115,Multi-image (5),Tabellae DK - ERP Document Output Management Specialists,https://www.linkedin.com/feed/update/urn:li:activity:7500453985061892097/,https://www.linkedin.com/company/tabellae/posts/
Tabellae,7,2026-08-18 09:38,"Kun 8,5% af store projekter rammer både budget og tidsplan. Vil du sikre, at jeres ERP-projekt bliver en del af den positive statistik?",33,0,8,41,Document/Carousel (PDF),Tabellae DK - ERP Document Output Management Specialists,https://www.linkedin.com/feed/update/urn:li:activity:7495413797172715520/,https://www.linkedin.com/company/tabellae/posts/
Tabellae,8,2026-08-13 09:57,1 land er overskueligt. 5 er ikke ❌,17,0,4,21,Video,Tabellae DK - ERP Document Output Management Specialists,https://www.linkedin.com/feed/update/urn:li:activity:7493606559021764608/,https://www.linkedin.com/company/tabellae/posts/
Tabellae,9,2026-07-24 09:14,Tabellae is pleased to share that the transaction regarding Lasernet Group (formerly known as Formpipe) has now been completed with full effect the 10th of August 2026.,303,89,10,402,Image,Tabellae DK - ERP Document Output Management Specialists,https://www.linkedin.com/feed/update/urn:li:activity:7486348046956486656/,https://www.linkedin.com/company/tabellae/posts/
Tabellae,10,2026-07-02 08:25,"Tabellae ønsker jer en fantastisk sommer fyldt med sol og sjov! ☀🌴🍦 Hvis I har brug for os i løbet af sommeren – så bare rolig, vi er her stadig 😊",78,0,2,80,Image,Tabellae DK - ERP Document Output Management Specialists,https://www.linkedin.com/feed/update/urn:li:activity:7478363109636681728/,https://www.linkedin.com/company/tabellae/posts/
Tabellae,11,2026-06-26 09:22,Hvad kan man bruge Output Management til?,16,0,2,18,Video,Tabellae DK - ERP Document Output Management Specialists,https://www.linkedin.com/feed/update/urn:li:activity:7476203350829563905/,https://www.linkedin.com/company/tabellae/posts/
Tabellae,12,2026-06-01 09:39,Nye krav til e-fakturering er på vej i hele Europa – er din virksomhed klar? 📃🌍,21,2,7,30,Video,Tabellae DK - ERP Document Output Management Specialists,https://www.linkedin.com/feed/update/urn:li:activity:7467147878315220992/,https://www.linkedin.com/company/tabellae/posts/
Tabellae,13,2026-06-18 08:44,"De dyreste ERP-fejl opstår sjældent i de områder, der får mest opmærksomhed.",34,2,4,40,Image,Tim Janum,https://www.linkedin.com/feed/update/urn:li:activity:7473294458147504128/,https://www.linkedin.com/company/tabellae/posts/
Tabellae,14,2026-06-11 08:06,Projekter får budget. Drift får rester.,60,2,5,67,Image,Steffen Meyer,https://www.linkedin.com/feed/update/urn:li:activity:7470748400590794752/,https://www.linkedin.com/company/tabellae/posts/
Tabellae,15,2026-06-03 07:46,"WEBINAR: 45 minutter du ikke må gå glip af, hvis du planlægger at skifte til Dynamics 365 F&O",16,0,3,19,Video,Tabellae DK - ERP Document Output Management Specialists,https://www.linkedin.com/feed/update/urn:li:activity:7467844155633799168/,https://www.linkedin.com/company/tabellae/posts/
Tabellae,16,2026-05-28 07:50,DynamicsMinds er nu slut. Sikke en fantastisk konference – endnu en gang 👏,53,1,2,56,Multi-image (3),Tabellae DK - ERP Document Output Management Specialists,https://www.linkedin.com/feed/update/urn:li:activity:7465670769428025344/,https://www.linkedin.com/company/tabellae/posts/
Tabellae,17,2026-05-26 07:43,"Så er det ved at være tid for Platform X, der afholdes i morgen den 27. maj 2026 på Fisketorvet.",56,11,7,74,Image,Lennart Garbarsch,https://www.linkedin.com/feed/update/urn:li:activity:7464944277022867456/,https://www.linkedin.com/company/tabellae/posts/
Tabellae,18,2026-05-13 11:01,"🎥 Deltag i vores live webinar med fokus på obligatoriske krav til e-fakturering, compliance og Dynamics 365 F&O.",1,0,1,2,Video,Tabellae DK - ERP Document Output Management Specialists,https://www.linkedin.com/feed/update/urn:li:activity:7460282981270798336/,https://www.linkedin.com/company/tabellae/posts/
Tabellae,19,2026-05-11 10:12,Tak for en rigtig god dag på Columbus' Innovate to Accelerate event på Silverstone racerbanen midt i England.,32,0,0,32,Multi-image (3),Tabellae DK - ERP Document Output Management Specialists,https://www.linkedin.com/feed/update/urn:li:activity:7459546021728161794/,https://www.linkedin.com/company/tabellae/posts/
Tabellae,20,2026-05-08 07:54,"Tabellae er i Århus Stiftstidende i dag. Lennart Garbarsch kommenterer på det kommende Aarhus Stadion - ikke på fodboldspillet ⚽ (heldigvis... 🤭), men på selve projektet.",17,10,2,29,Image,Tabellae DK - ERP Document Output Management Specialists,https://www.linkedin.com/feed/update/urn:li:activity:7458424117369774080/,https://www.linkedin.com/company/tabellae/posts/
Tabellae,21,2026-04-30 11:37,Tabellaes direktør er i Finans i dag!,80,8,4,92,Multi-image (2),Tabellae DK - ERP Document Output Management Specialists,https://www.linkedin.com/feed/update/urn:li:activity:7455581147499261952/,https://www.linkedin.com/company/tabellae/posts/
Tabellae,22,2026-04-28 08:06,E-fakturering i D365 F&O gjort enkelt. Se det live på bare 10 minutter.,22,2,1,25,Video,Tabellae DK - ERP Document Output Management Specialists,https://www.linkedin.com/feed/update/urn:li:activity:7454803231861456896/,https://www.linkedin.com/company/tabellae/posts/
Tabellae,23,2026-04-21 10:02,"Da virksomheden Nviro skulle skifte ERP-system til Dynamics 365F&O, gjorde de noget interessant:",31,2,1,34,Image,Tabellae DK - ERP Document Output Management Specialists,https://www.linkedin.com/feed/update/urn:li:activity:7452295674903220225/,https://www.linkedin.com/company/tabellae/posts/
Tabellae,24,2026-04-15 08:11,"Har du nogensinde oplevet, at en faktura blev afvist i et andet land – uden at du anede hvorfor? Eller fået at vide, at dit ""fuldt compliant ERP-system"" pludselig ikke længere er så compliant?",30,1,4,35,Image,Tabellae DK - ERP Document Output Management Specialists,https://www.linkedin.com/feed/update/urn:li:activity:7450093426248765440/,https://www.linkedin.com/company/tabellae/posts/
Tabellae,25,2026-04-09 09:52,"75% af ERP-projekter oplever forsinkelser ved go-live, og manglende fokus på Output Management er ofte den skjulte årsag.",41,3,3,47,Image,Tabellae DK - ERP Document Output Management Specialists,https://www.linkedin.com/feed/update/urn:li:activity:7447944404172066816/,https://www.linkedin.com/company/tabellae/posts/
Tabellae,26,2026-04-07 08:59,🎥 Hvem er vi hos Tabellae og hvad hjælper vi virksomheder med? Kort fortalt 👉 Vi hjælper virksomheder med at få fuldt udbytte af deres,30,1,3,34,Video,Tabellae DK - ERP Document Output Management Specialists,https://www.linkedin.com/feed/update/urn:li:activity:7447206498662772736/,https://www.linkedin.com/company/tabellae/posts/
Tabellae,27,2026-03-31 11:25,I fredags skålede vi både for fortiden og fremtiden 🥂,62,3,1,66,Multi-image (7),Tabellae DK - ERP Document Output Management Specialists,https://www.linkedin.com/feed/update/urn:li:activity:7444706322651975680/,https://www.linkedin.com/company/tabellae/posts/
Tabellae,28,2026-03-26 10:21,Stærke løsninger bygger på stærke kompetencer.,34,1,3,38,Image,Tabellae DK - ERP Document Output Management Specialists,https://www.linkedin.com/feed/update/urn:li:activity:7442878483665436672/,https://www.linkedin.com/company/tabellae/posts/
Tabellae,29,2026-03-24 09:30,"Når væksten tager fart, afsløres det hurtigt, hvis ERP og data kan ikke følge med...",26,1,2,29,Image,Tabellae DK - ERP Document Output Management Specialists,https://www.linkedin.com/feed/update/urn:li:activity:7442140728408969217/,https://www.linkedin.com/company/tabellae/posts/
Tabellae,30,2026-03-20 09:17,"ERP-projekter fejler sjældent på systemet... men på detaljerne, ingen prioriterer 👀",22,0,4,26,Document/Carousel (PDF),Tabellae DK - ERP Document Output Management Specialists,https://www.linkedin.com/feed/update/urn:li:activity:7440687922267324416/,https://www.linkedin.com/company/tabellae/posts/
Tabellae,31,2026-03-17 12:57,Hvordan reducerer du omkostningerne til behandling af leverandørfakturaer med Microsoft AI? 📃,18,1,2,21,Event,Tabellae DK - ERP Document Output Management Specialists,https://www.linkedin.com/feed/update/urn:li:activity:7439656116659224577/,https://www.linkedin.com/company/tabellae/posts/
Tabellae,32,2026-03-13 10:20,"Mange forstår ikke, at seniorer nærmest udgør en betingelse for succes 💡",150,9,4,163,Image,Tabellae DK - ERP Document Output Management Specialists,https://www.linkedin.com/feed/update/urn:li:activity:7438167069528899584/,https://www.linkedin.com/company/tabellae/posts/
Tabellae,33,2026-03-10 09:02,Deltag i vores webinar og lær hvordan Microsofts AI-baseret automatisering af leverandørfakturaer kan reducere omkostningerne 👇,18,0,3,21,Multi-image (3),Tabellae DK - ERP Document Output Management Specialists,https://www.linkedin.com/feed/update/urn:li:activity:7437060270213980161/,https://www.linkedin.com/company/tabellae/posts/
Tabellae,34,2026-03-06 11:53,Derfor er seniorer nærmest en betingelse for succes.,164,22,5,191,Image,Lennart Garbarsch,https://www.linkedin.com/feed/update/urn:li:activity:7435653747797622784/,https://www.linkedin.com/company/tabellae/posts/
Tabellae,35,2026-03-03 11:00,👏 Stort tillykke til vores nyeste certificerede deltagere fra Tabellae Academy! 🎉,28,1,3,32,Multi-image (3),Tabellae DK - ERP Document Output Management Specialists,https://www.linkedin.com/feed/update/urn:li:activity:7434553335560630272/,https://www.linkedin.com/company/tabellae/posts/
Tabellae,36,2026-03-03 09:29,👏 Stort tillykke til vores nyeste certificerede deltagere fra Tabellae Academy! 🎉,28,1,3,32,Multi-image (3),Tabellae DK - ERP Document Output Management Specialists,https://www.linkedin.com/feed/update/urn:li:activity:7434530347842863105/,https://www.linkedin.com/company/tabellae/posts/
Tabellae,37,2026-02-26 09:12,🌍 Polen og Letland strammer grebet om e-fakturering i 2026 – er jeres ERP klar?,14,0,3,17,Image,Tabellae DK - ERP Document Output Management Specialists,https://www.linkedin.com/feed/update/urn:li:activity:7432714175656771584/,https://www.linkedin.com/company/tabellae/posts/
Tabellae,38,2026-02-18 12:05,Hvor komplekse er jeres fakturaer og labels på tværs af lande – og hvad betyder det i en ERP-transformation?,24,1,1,26,Multi-image (3),Tabellae DK - ERP Document Output Management Specialists,https://www.linkedin.com/feed/update/urn:li:activity:7429858603983052801/,https://www.linkedin.com/company/tabellae/posts/
Tabellae,39,2026-02-12 09:51,"🧭 Vælg en løsning, der passer til jeres fremtid – ikke kun til i dag. Output Management bliver ofte betragtet som en lille del af et ERP-projekt – 5 %.",20,1,4,25,Image,Tabellae DK - ERP Document Output Management Specialists,https://www.linkedin.com/feed/update/urn:li:activity:7427650652740173824/,https://www.linkedin.com/company/tabellae/posts/
Tabellae,40,2026-02-10 08:48,"🌍🤝 Hvad betyder samhandelsaftalen mellem EU og Indien helt konkret for dansk erhvervsliv? Ifølge partner i Tabellae, Lennart Garbarsch , er der nærmest ingen grænser for, hvor stor gevinsten kan være, hvis de danske virksomheder er omstillingsparate og nysgerrige. 💡",32,4,9,45,Image,Tabellae DK - ERP Document Output Management Specialists,https://www.linkedin.com/feed/update/urn:li:activity:7426909847780155393/,https://www.linkedin.com/company/tabellae/posts/
Tabellae,41,2026-02-05 08:46,Har du styr på de nye regler for Microsoft Dynamics 365 F&O-licenser? De trådte i kraft pr. 15. januar 2026.,17,4,8,29,Event,Tabellae DK - ERP Document Output Management Specialists,https://www.linkedin.com/feed/update/urn:li:activity:7425097374462636032/,https://www.linkedin.com/company/tabellae/posts/
Tabellae,42,2026-02-05 08:35,"Kun 8,5 % af store projekter holder sig inden for BÅDE budget og tidsramme.",75,12,6,93,Multi-image (2),Lennart Garbarsch,https://www.linkedin.com/feed/update/urn:li:activity:7425094779463430144/,https://www.linkedin.com/company/tabellae/posts/
Tabellae,43,2026-01-27 10:25,ARTIKELSERIE OM AI OG ERP: AGENTERNE FLYTTER IND,15,5,1,21,Article/Link,HNCO A/S,https://www.linkedin.com/feed/update/urn:li:activity:7421861021985796096/,https://www.linkedin.com/company/tabellae/posts/
Tabellae,44,2026-01-22 10:25,"Vi glæder os til at deltage i konferencen ""Derfor skal du videre fra Dynamics AX – og sådan gør du"" i Aarhus den 3. februar, hvor Lennart Garbarsch vil fortælle, hvordan man gør D365 opgraderinger til en succes!",17,2,2,21,Video,Tabellae DK - ERP Document Output Management Specialists,https://www.linkedin.com/feed/update/urn:li:activity:7420048911219720192/,https://www.linkedin.com/company/tabellae/posts/
Tabellae,45,2026-01-21 10:13,Efter 26 år i marketing har jeg aldrig set en teknologi med så stort potentiale som,41,10,5,56,Article/Link,Marie Høybye,https://www.linkedin.com/feed/update/urn:li:activity:7419683640617385984/,https://www.linkedin.com/company/tabellae/posts/
Tabellae,46,2026-01-15 08:49,Belgien & Kroatien har netop gjort,21,0,2,23,Image,Tabellae DK - ERP Document Output Management Specialists,https://www.linkedin.com/feed/update/urn:li:activity:7417488080443432960/,https://www.linkedin.com/company/tabellae/posts/
Tabellae,47,2026-01-14 12:41,"Gamle AX-installationer kræver tid, ressourcer og konstant vedligehold. På vores konference i Aarhus den 3. februar får du indsigt i, hvordan cloud-løsninger kan skabe stabil drift og frigive tid. Tilmeld dig og få styr på, om det er tid til cloud.",13,3,4,20,Video,Cepheo,https://www.linkedin.com/feed/update/urn:li:activity:7417184112182071296/,https://www.linkedin.com/company/tabellae/posts/
Tabellae,48,2026-01-13 10:49,Hvor mange leverandørfakturaer taster I stadig manuelt i ERP? 🤔 Og hvor meget tid koster det jer - reelt?,23,4,4,31,Image,Tabellae DK - ERP Document Output Management Specialists,https://www.linkedin.com/feed/update/urn:li:activity:7416793450261647360/,https://www.linkedin.com/company/tabellae/posts/
Tabellae,49,2026-01-09 08:31,"Mens de fleste af os stadig prøver at huske, hvilket år det er 🎉, markerer vi også nytåret med et 10 års jubilæum. Vores dygtige løsningsarkitekt, Flemming Lindenstrøm, har nemlig været en del af Tabellae i hele 10 år.",99,11,1,111,Multi-image (3),Tabellae DK - ERP Document Output Management Specialists,https://www.linkedin.com/feed/update/urn:li:activity:7415309200496771072/,https://www.linkedin.com/company/tabellae/posts/
Tabellae,50,2026-01-06 09:49,Hos Tabellae elsker vi Lasernet til Output Management – men vores,15,0,1,16,Image,Tabellae DK - ERP Document Output Management Specialists,https://www.linkedin.com/feed/update/urn:li:activity:7414241585384734720/,https://www.linkedin.com/company/tabellae/posts/
